Workbook

Sheet README
A1: MANUAL TESTING PROJECT - Sauce Demo (practice e-commerce web application)
A2: Application under test: https://www.saucedemo.com (public practice site made for testing). Login details are shown on its own login page.
A4: HOW TO USE THIS WORKBOOK (yellow cells are for YOU to fill in)
A5: 1. Open the site in a browser. Go to the 'Test Cases' sheet and execute each test case step by step.
A6: 2. For every test case, write what REALLY happened in 'Actual Result' and choose Pass / Fail / Blocked in 'Status'.
A7: 3. If a test case fails, log it in the 'Bug Report' sheet (take a screenshot) and put the Bug ID in the Test Cases sheet.
A8: 4. Fill the Environment cells (browser, OS, date) in the 'Test Summary' sheet. Pass/Fail counts there update automatically.
A9: 5. The 'RTM' sheet maps requirements to test cases and updates automatically.
A11: IMPORTANT NOTES
A12: - The Expected Results were written from standard shopping-site behaviour. Verify each one on the live site; if the site's real behaviour is different, adjust the expected result with a reason.
A13: - Only record results you actually observed. Do not pre-fill Pass/Fail. Interviewers may ask you to explain any bug on this list.
A14: - The site has intentionally faulty practice accounts (for example problem_user and performance_glitch_user). Test cases TC-30 to TC-32 use them, so you are likely to find real defects there.
A15: - Save screenshots in a folder and upload this workbook plus screenshots to GitHub for your CV link.

Sheet Test Scenarios
A1: Scenario ID | B1: Requirement ID | C1: Module | D1: Test Scenario
A2: SC-01 | B2: REQ-01 | C2: Login | D2: Verify a user can log in with valid credentials
A3: SC-02 | B3: REQ-01 | C3: Login | D3: Verify the application handles invalid and blank login attempts correctly
A4: SC-03 | B4: REQ-02 | C4: Products | D4: Verify the product list and product details are displayed correctly
A5: SC-04 | B5: REQ-02 | C5: Products | D5: Verify products can be sorted by name and price
A6: SC-05 | B6: REQ-03 | C6: Cart | D6: Verify items can be added to and removed from the cart
A7: SC-06 | B7: REQ-03 | C7: Cart | D7: Verify cart contents are shown correctly and are kept while browsing
A8: SC-07 | B8: REQ-04 | C8: Checkout | D8: Verify checkout form validation for mandatory fields
A9: SC-08 | B9: REQ-04 | C9: Checkout | D9: Verify an order can be completed and totals are correct
A10: SC-09 | B10: REQ-05 | C10: Logout & Session | D10: Verify a user can log out and the session ends
A11: SC-10 | B11: REQ-05 | C11: Logout & Session | D11: Verify pages cannot be accessed without logging in

Sheet Test Cases
A1: TC ID | B1: Scenario ID | C1: Module | D1: Test Case Title | E1: Priority | F1: Type | G1: Preconditions | H1: Test Steps | I1: Test Data | J1: Expected Result | K1: Actual Result (fill in) | L1: Status (fill in) | M1: Bug ID (if failed)
A2: TC-01 | B2: SC-01 | C2: Login | D2: Login with valid username and password | E2: High | F2: Functional | G2: Login page is open | H2: 1. Enter username 2. Enter password 3. Click Login | I2: standard_user / secret_sauce | J2: User is taken to the Products page | K2: Logged in with standard_user / secret_sauce. User was taken to the Products page showing the product list. | L2: Pass
A3: TC-02 | B3: SC-01 | C3: Login | D3: Login by pressing Enter key | E3: Low | F3: Functional | G3: Login page is open | H3: 1. Enter username and password 2. Press Enter instead of clicking Login | I3: standard_user / secret_sauce | J3: User is logged in and sees the Products page | K3: Entered username and password and pressed Enter key. User was logged in and the Products page was shown. | L3: Pass
A4: TC-03 | B4: SC-02 | C4: Login | D4: Login with wrong password | E4: High | F4: Negative | G4: Login page is open | H4: 1. Enter valid username 2. Enter wrong password 3. Click Login | I4: standard_user / wrong123 | J4: Error message is shown, user stays on the login page | K4: Entered valid username (standard_user) with a wrong password. Error message shown: "Epic sadface: Username and password do not match any user in this service". User stayed on the login page. Note: the first and last lines of the error text are partly cut off | L4: Pass | M4: BUG-001
A5: TC-04 | B5: SC-02 | C5: Login | D5: Login with unregistered username | E5: High | F5: Negative | G5: Login page is open | H5: 1. Enter unknown username 2. Enter any password 3. Click Login | I5: abc_user / secret_sauce | J5: Error message is shown, user stays on the login page | K5: Error message shown: "Epic sadface: Username and password do not match any user in this service". User stayed on the login page.Note: the first and last lines of the error text are partly cut off | L5: Pass | M5: BUG-001
A6: TC-05 | B6: SC-02 | C6: Login | D6: Login with both fields empty | E6: Medium | F6: Negative | G6: Login page is open | H6: 1. Leave both fields empty 2. Click Login | I6: (blank) | J6: Error message says username is required | K6: Error message shown: "Epic sadface: Username is required". User stayed on the login page. | L6: Pass
A7: TC-06 | B7: SC-02 | C7: Login | D7: Login with password empty | E7: Medium | F7: Negative | G7: Login page is open | H7: 1. Enter valid username 2. Leave password empty 3. Click Login | I7: standard_user / (blank) | J7: Error message says password is required | K7: Error message shown: "Epic sadface: Password is required". User stayed on the login page. | L7: Pass
A8: TC-07 | B8: SC-02 | C8: Login | D8: Login with a locked out user | E8: High | F8: Negative | G8: Login page is open | H8: 1. Enter locked-out username and its password 2. Click Login | I8: locked_out_user / secret_sauce | J8: Error message says the user is locked out; login is not allowed | K8: Error message shown: "Epic sadface: Sorry, this user has been locked out." Login was not allowed. | L8: Pass
A9: TC-08 | B9: SC-02 | C9: Login | D9: Username is case sensitive | E9: Low | F9: Negative | G9: Login page is open | H9: 1. Enter username in capital letters 2. Enter valid password 3. Click Login | I9: STANDARD_USER / secret_sauce | J9: Entered STANDARD_USER (capital letters) with valid password. Login rejected with error "Epic sadface: Username and password do not match any user in this service". User stayed on the login page. Error text is partly clipped. | K9: Error message shown: Epic sadface: Username and password do not match any user in this serviceLogin error message text is clipped inside the red error box | L9: Pass | M9: BUG-001
A10: TC-09 | B10: SC-03 | C10: Products | D10: Product list shows all product details | E10: High | F10: UI | G10: Logged in as standard_user | H10: 1. Open the Products page 2. Check each product card | I10: standard_user / secret_sauce | J10: Each product shows image, name, description, price and an Add to cart button | K10: Each Product shows image, name, description,price and add to cart button | L10: Pass
A11: TC-10 | B11: SC-03 | C11: Products | D11: Open product details page | E11: Medium | F11: Functional | G11: Logged in as standard_user | H11: 1. Click a product name 2. Compare details with the list page | I11: standard_user / secret_sauce | J11: Details page opens and name, description and price match the list page | K11: Details page opens name description and price match the list page | L11: Pass
A12: TC-11 | B12: SC-03 | C12: Products | D12: Back to products from details page | E12: Low | F12: Functional | G12: Product details page is open | H12: 1. Click Back to products | I12: standard_user / secret_sauce | J12: User returns to the Products page | K12: Clicked on back to products User returns to the products page | L12: Pass
A13: TC-12 | B13: SC-04 | C13: Products | D13: Sort by Name (A to Z) | E13: Medium | F13: Functional | G13: Logged in as standard_user | H13: 1. Select 'Name (A to Z)' in the sort dropdown | I13: standard_user / secret_sauce | J13: Products are listed in ascending alphabetical order | K13: Products are in asending order | L13: Pass
A14: TC-13 | B14: SC-04 | C14: Products | D14: Sort by Name (Z to A) | E14: Medium | F14: Functional | G14: Logged in as standard_user | H14: 1. Select 'Name (Z to A)' in the sort dropdown | I14: standard_user / secret_sauce | J14: Products are listed in descending alphabetical order | K14: Products are in decending order | L14: Pass
A15: TC-14 | B15: SC-04 | C15: Products | D15: Sort by Price (low to high) | E15: Medium | F15: Functional | G15: Logged in as standard_user | H15: 1. Select 'Price (low to high)' | I15: standard_user / secret_sauce | J15: Products are listed from lowest to highest price | K15: Products shows prices from lowest to highest price | L15: Pass
A16: TC-15 | B16: SC-04 | C16: Products | D16: Sort by Price (high to low) | E16: Medium | F16: Functional | G16: Logged in as standard_user | H16: 1. Select 'Price (high to low)' | I16: standard_user / secret_sauce | J16: Products are listed from highest to lowest price | K16: Products shows prices from highest to lowest | L16: Pass
A17: TC-16 | B17: SC-05 | C17: Cart | D17: Add one product to cart | E17: High | F17: Functional | G17: Logged in as standard_user | H17: 1. Click Add to cart on one product | I17: standard_user / secret_sauce | J17: Cart badge shows 1 and the button changes to Remove | K17: Yes Added one product to cart and cart shows one product | L17: Pass
A18: TC-17 | B18: SC-05 | C18: Cart | D18: Add multiple products to cart | E18: High | F18: Functional | G18: Logged in as standard_user | H18: 1. Click Add to cart on three products | I18: standard_user / secret_sauce | J18: Cart badge shows 3 | K18: Yes Added 3 products to cart and cart shows 3 product | L18: Pass
A19: TC-18 | B19: SC-05 | C19: Cart | D19: Remove product from the Products page | E19: Medium | F19: Functional | G19: Two products are in the cart | H19: 1. Click Remove on one product | I19: standard_user / secret_sauce | J19: Cart badge count decreases by 1 and button changes back to Add to cart | K19: Removed product from products page and cart badge decreased by 1 and button changed to add to cart | L19: Pass
A20: TC-19 | B20: SC-06 | C20: Cart | D20: Cart page shows correct items | E20: High | F20: Functional | G20: Two products are in the cart | H20: 1. Click the cart icon 2. Check name, price and quantity | I20: standard_user / secret_sauce | J20: Both products are listed with correct name, price and quantity | K20: Cart page showes correct product price and quatity | L20: Pass
A21: TC-20 | B21: SC-06 | C21: Cart | D21: Remove product from the cart page | E21: Medium | F21: Functional | G21: Cart page is open with items | H21: 1. Click Remove on one item | I21: standard_user / secret_sauce | J21: Item is removed from the list and the cart badge updates | K21: Removed product from cart page and cart badge updates | L21: Pass
... A28: TC-27 | B28: SC-09 | C28: Logout & Session | D28: Logout from the menu | E28: High | F28: Functional | G28: Logged in as standard_user | H28: 1. Open the menu 2. Click Logout | I28: standard_user / secret_sauce | J28: User is taken to the login page | K28: User has been taken too login page | L28: Pass
A29: TC-28 | B29: SC-09 | C29: Logout & Session | D29: Browser Back button after logout | E29: Medium | F29: Security | G29: User has just logged out | H29: 1. Click the browser Back button | I29: standard_user / secret_sauce | J29: User cannot see the Products page without logging in again | K29: Epic sadface: You can only access '/inventory.html' when you are logged in. Text cut down in red box | L29: Pass | M29: BUG-001
A30: TC-29 | B30: SC-10 | C30: Logout & Session | D30: Open Products URL directly without login | E30: High | F30: Security | G30: User is not logged in | H30: 1. Paste the inventory page URL in the address bar | I30: (no login) | J30: Access is denied with an error message or user is sent to the login page | K30: Epic sadface: You can only access '/inventory.html' when you are logged in. Text cut down in red box | L30: Pass | M30: BUG-001
A31: TC-30 | B31: SC-03 | C31: Products | D31: Product images match product names (problem_user) | E31: High | F31: UI | G31: Login page is open | H31: 1. Login as problem_user 2. Check the image of each product | I31: problem_user / secret_sauce | J31: Every product shows its own correct image | K31: Logged in as problem_user. All products show the same image instead of their own correct images. | L31: Fail | M31: BUG-002
A32: TC-31 | B32: SC-07 | C32: Checkout | D32: Checkout form accepts typed data (problem_user) | E32: High | F32: Functional | G32: Logged in as problem_user, item in cart | H32: 1. Go to checkout 2. Type First Name, Last Name and Postal Code 3. Check each field | I32: problem_user / secret_sauce | J32: Each field keeps exactly what was typed and checkout can continue | K32: Last Name text does not stay in its field and replaces the First Name; checkout cannot continue | L32: Fail | M32: BUG-003
A33: TC-32 | B33: SC-01 | C33: Login | D33: Login speed (performance_glitch_user) | E33: Low | F33: Performance | G33: Login page is open | H33: 1. Login as performance_glitch_user 2. Note the time taken to reach the Products page | I33: performance_glitch_user / secret_sauce | J33: Products page loads within 3 seconds (assumed acceptable limit) | K33: Product page loaded in 3 seconds | L33: Fail | M33: BUG-004

Sheet Bug Report
A1: Bug ID | B1: Bug Title | C1: Module | D1: Related TC | E1: Steps to Reproduce | F1: Expected Result | G1: Actual Result | H1: Severity | I1: Priority | J1: Status | K1: Environment | L1: Date Reported | M1: Screenshot File
A2: BUG-001 | B2: Error message text is clipped in the red error box | C2: Login | D2: TC-03, 04, 08, 28, 29 | E2: 1. Open login page 2. Enter invalid credentials 3. Click Login 4. Look at the error box | F2: Full message is visible | G2: First and last lines of the text are cut off | H2: Low | I2: Low | J2: New | K2: Chrome, Windows 11 | L2: 46297 | M2: BUG-001
A3: BUG-002 | B3: All products show the same image (problem_user) | C3: Products | D3: TC-30 | E3: 1. Login as problem_user 2. Look at the product images | F3: Each product shows its own image | G3: All products show the same image | H3: Medium | I3: Medium | J3: New | K3: Chrome, Windows 11 | L3: 46297 | M3: BUG-002
A4: BUG-003 | B4: Checkout fields overwrite typed data (problem_user) | C4: Checkout | D4: TC-31 | E4: 1. Login as problem_user 2. Add a product, open checkout 3. Type First Name, Last Name, Postal Code 4. Click Continue | F4: Each field keeps what was typed and checkout continues | G4: Last Name text replaces First Name; cannot continue | H4: High | I4: High | J4: New | K4: Chrome, Windows 11 | L4: 46297 | M4: BUG-003
A5: BUG-004 | B5: Login is slow, takes more than 3 seconds (performance_glitch_user) | C5: Login | D5: TC-32 | E5: 1. Login as performance_glitch_user 2. Note the time to reach the Products page | F5: Products page loads within 3 seconds | G5: Page took about 5 seconds | H5: Medium | I5: Low | J5: New | K5: Chrome, Windows 11 | L5: 46297 | M5: BUG-004

Sheet RTM
A1: Requirement ID | B1: Requirement | C1: Module | D1: Scenario IDs | E1: Total Test Cases | F1: Passed | G1: Failed | H1: Coverage
A2: REQ-01 | B2: User shall be able to log in with valid credentials and see proper errors for invalid ones | C2: Login | D2: SC-01, SC-02 | E2: =COUNTIF('Test Cases'!$C$2:$C$53,C2) -> 9 | F2: =COUNTIFS('Test Cases'!$C$2:$C$53,C2,'Test Cases'!$L$2:$L$53,"Pass") -> 8 | G2: =COUNTIFS('Test Cases'!$C$2:$C$53,C2,'Test Cases'!$L$2:$L$53,"Fail") -> 1 | H2: =IF(E2=0,"Not covered","Covered") -> Covered
A3: REQ-02 | B3: User shall be able to view, open and sort products | C3: Products | D3: SC-03, SC-04 | E3: =COUNTIF('Test Cases'!$C$2:$C$53,C3) -> 8 | F3: =COUNTIFS('Test Cases'!$C$2:$C$53,C3,'Test Cases'!$L$2:$L$53,"Pass") -> 7 | G3: =COUNTIFS('Test Cases'!$C$2:$C$53,C3,'Test Cases'!$L$2:$L$53,"Fail") -> 1 | H3: =IF(E3=0,"Not covered","Covered") -> Covered
A4: REQ-03 | B4: User shall be able to add, view and remove items in the cart | C4: Cart | D4: SC-05, SC-06 | E4: =COUNTIF('Test Cases'!$C$2:$C$53,C4) -> 6 | F4: =COUNTIFS('Test Cases'!$C$2:$C$53,C4,'Test Cases'!$L$2:$L$53,"Pass") -> 6 | G4: =COUNTIFS('Test Cases'!$C$2:$C$53,C4,'Test Cases'!$L$2:$L$53,"Fail") -> 0 | H4: =IF(E4=0,"Not covered","Covered") -> Covered
A5: REQ-04 | B5: User shall be able to enter details, review totals and complete an order | C5: Checkout | D5: SC-07, SC-08 | E5: =COUNTIF('Test Cases'!$C$2:$C$53,C5) -> 6 | F5: =COUNTIFS('Test Cases'!$C$2:$C$53,C5,'Test Cases'!$L$2:$L$53,"Pass") -> 5 | G5: =COUNTIFS('Test Cases'!$C$2:$C$53,C5,'Test Cases'!$L$2:$L$53,"Fail") -> 1 | H5: =IF(E5=0,"Not covered","Covered") -> Covered
A6: REQ-05 | B6: User shall be able to log out and protected pages shall need login | C6: Logout & Session | D6: SC-09, SC-10 | E6: =COUNTIF('Test Cases'!$C$2:$C$53,C6) -> 3 | F6: =COUNTIFS('Test Cases'!$C$2:$C$53,C6,'Test Cases'!$L$2:$L$53,"Pass") -> 3 | G6: =COUNTIFS('Test Cases'!$C$2:$C$53,C6,'Test Cases'!$L$2:$L$53,"Fail") -> 0 | H6: =IF(E6=0,"Not covered","Covered") -> Covered

Sheet Test Summary
A1: TEST SUMMARY REPORT
A3: Application | B3: Sauce Demo (https://www.saucedemo.com)
A4: Tested by | B4: Sudhanshu Dhole
A5: Browser and version
A6: Operating system
A7: Test execution date
A9: RESULTS
A10: Total test cases | B10: =COUNTA('Test Cases'!$A$2:$A$53) -> 32
A11: Passed | B11: =COUNTIF('Test Cases'!$L$2:$L$53,"Pass") -> 29
A12: Failed | B12: =COUNTIF('Test Cases'!$L$2:$L$53,"Fail") -> 3
A13: Blocked | B13: =COUNTIF('Test Cases'!$L$2:$L$53,"Blocked") -> 0
A14: Not executed | B14: =B10-B11-B12-B13 -> 0
A15: Pass % (of executed) | B15: =IFERROR(B11/(B11+B12+B13),0) -> 0.90625
A16: Defects logged | B16: =COUNTIF('Bug Report'!$A$2:$A$59,"BUG-*") -> 4
A19: MODULE-WISE RESULTS
A20: Module | B20: Total | C20: Passed | D20: Failed | E20: Blocked | F20: Not executed
A21: Login | B21: =COUNTIF('Test Cases'!$C$2:$C$53,A21) -> 9 | C21: =COUNTIFS('Test Cases'!$C$2:$C$53,A21,'Test Cases'!$L$2:$L$53,"Pass") -> 8 | D21: =COUNTIFS('Test Cases'!$C$2:$C$53,A21,'Test Cases'!$L$2:$L$53,"Fail") -> 1 | E21: =COUNTIFS('Test Cases'!$C$2:$C$53,A21,'Test Cases'!$L$2:$L$53,"Blocked") -> 0 | F21: =B21-C21-D21-E21 -> 0
A22: Products | B22: =COUNTIF('Test Cases'!$C$2:$C$53,A22) -> 8 | C22: =COUNTIFS('Test Cases'!$C$2:$C$53,A22,'Test Cases'!$L$2:$L$53,"Pass") -> 7 | D22: =COUNTIFS('Test Cases'!$C$2:$C$53,A22,'Test Cases'!$L$2:$L$53,"Fail") -> 1 | E22: =COUNTIFS('Test Cases'!$C$2:$C$53,A22,'Test Cases'!$L$2:$L$53,"Blocked") -> 0 | F22: =B22-C22-D22-E22 -> 0
A23: Cart | B23: =COUNTIF('Test Cases'!$C$2:$C$53,A23) -> 6 | C23: =COUNTIFS('Test Cases'!$C$2:$C$53,A23,'Test Cases'!$L$2:$L$53,"Pass") -> 6 | D23: =COUNTIFS('Test Cases'!$C$2:$C$53,A23,'Test Cases'!$L$2:$L$53,"Fail") -> 0 | E23: =COUNTIFS('Test Cases'!$C$2:$C$53,A23,'Test Cases'!$L$2:$L$53,"Blocked") -> 0 | F23: =B23-C23-D23-E23 -> 0
A24: Checkout | B24: =COUNTIF('Test Cases'!$C$2:$C$53,A24) -> 6 | C24: =COUNTIFS('Test Cases'!$C$2:$C$53,A24,'Test Cases'!$L$2:$L$53,"Pass") -> 5 | D24: =COUNTIFS('Test Cases'!$C$2:$C$53,A24,'Test Cases'!$L$2:$L$53,"Fail") -> 1 | E24: =COUNTIFS('Test Cases'!$C$2:$C$53,A24,'Test Cases'!$L$2:$L$53,"Blocked") -> 0 | F24: =B24-C24-D24-E24 -> 0
A25: Logout & Session | B25: =COUNTIF('Test Cases'!$C$2:$C$53,A25) -> 3 | C25: =COUNTIFS('Test Cases'!$C$2:$C$53,A25,'Test Cases'!$L$2:$L$53,"Pass") -> 3 | D25: =COUNTIFS('Test Cases'!$C$2:$C$53,A25,'Test Cases'!$L$2:$L$53,"Fail") -> 0 | E25: =COUNTIFS('Test Cases'!$C$2:$C$53,A25,'Test Cases'!$L$2:$L$53,"Blocked") -> 0 | F25: =B25-C25-D25-E25 -> 0
A27: Overall conclusion (write after execution):
A28: 32 test cases were executed on Sauce Demo (Chrome). 29 passed and 3 failed (pass rate 90.6%). 4 defects were logged. Core flows with standard_user (login, product listing and sorting, cart, checkout totals, order completion, logout) worked as expected. The failures were all with the special test accounts: problem_user showed the same image for every product (BUG-002) and the checkout form overwrote typed data so an order could not be completed (BUG-003, High severity); performance_glitch_user took about 6 seconds to log in against a 3 second limit (BUG-004). One low severity UI defect was also found: login error text is clipped in the red box (BUG-001). Recommendation: fix BUG-003 first because it blocks checkout, then retest all failed cases after the fixes.
